Date,KDCI,CAPE,PANAMAX,SUPRAMAX,HANDY
2022-01-03,24346,21821,25054,26655,22868
2022-01-04,24205,21311,25344,26454,22723
2022-01-05,24093,20778,26207,25957,22104
2022-01-06,23738,19563,26808,25526,21691
2022-01-07,23820,20330,26829,25081,21479
2022-01-10,23764,21483,26011,24689,21095
2022-01-11,23240,21944,25083,23698,20221
2022-01-12,22378,20169,24377,23398,19951
2022-01-13,21196,17446,23333,23251,19870
2022-01-14,19897,14466,22598,22818,19321
2022-01-17,19330,13314,22260,22512,19045
2022-01-18,18936,13415,21609,21946,18447
2022-01-19,18195,12608,20689,21351,18012
2022-01-20,17593,11990,19769,20995,17662
2022-01-21,16867,10163,19415,20788,17574
2022-01-24,16367,8681,19354,20717,17418
2022-01-25,16365,8687,19411,20682,17316
2022-01-26,15818,7325,19059,20617,17178
2022-01-27,15658,7540,18375,20590,17068
2022-01-28,15830,8368,18126,20571,17104
2022-02-03,16549,11668,17511,19969,18050
2022-02-04,16562,11933,17573,19617,18254
2022-02-07,16725,11673,17776,20203,18291
2022-02-08,17067,11168,18656,20847,18656
2022-02-09,18037,11696,19459,22445,19569
2022-02-10,20238,15822,20454,24277,20727
2022-02-11,21269,16778,21590,25322,21618
2022-02-14,21779,16738,22266,26266,21976
2022-02-15,21735,15933,22358,26634,22572
2022-02-16,21496,14778,22181,26954,23222
2022-02-17,21041,13215,21946,27123,23556
2022-02-18,21185,13918,21846,27014,23518
2022-02-21,21682,15425,21964,27005,23641
2022-02-22,22809,17433,22558,27932,24319
2022-02-23,24041,19338,23944,28383,25413
2022-02-24,24863,20037,25156,28975,26121
2022-02-25,24193,17406,25205,29156,26624
2022-02-28,23901,16077,25145,29453,26990
2022-03-02,24751,17129,25577,30357,28318
2022-03-03,25272,17674,25898,30932,29215
2022-03-04,25304,16416,26421,31566,29831
2022-03-07,25864,16887,27073,32043,30635
2022-03-08,26721,17497,27737,33367,31411
2022-03-10,29369,21369,30393,34994,33421
2022-03-11,29424,21694,30866,34548,32910
2022-03-14,29675,22550,30606,34686,33226
2022-03-15,29429,23462,29856,33873,32717
2022-03-16,28813,23200,28789,33284,32307
2022-03-17,28174,22010,27914,33195,32389
2022-03-18,28572,23475,27634,33337,32389
2022-03-21,28830,23328,27735,34094,32828
2022-03-22,28729,21884,28095,34700,33254
2022-03-23,28454,19381,28955,35294,33652
2022-03-24,29030,19784,30019,35654,33924
2022-03-25,28873,19086,30565,35361,33695
2022-03-28,28252,17693,30552,34826,33307
2022-03-29,27669,16575,30372,34274,33027
2022-03-30,27121,16105,29850,33607,32518
2022-03-31,26619,16167,29247,32600,32145
2022-04-01,26364,16513,28625,32084,31972
2022-04-04,25778,16650,28115,31084,30237
2022-04-05,24850,15213,27699,30130,29375
2022-04-06,24119,14095,27045,29686,28710
2022-04-07,23346,13525,25945,29031,27960
2022-04-08,23187,14076,25680,28459,27230
2022-04-11,22740,13714,25366,27787,26800
2022-04-12,22515,13437,25331,27454,26489
2022-04-13,22523,13434,26019,26953,26014
2022-04-14,22878,13672,26733,27202,25966
2022-04-15,23255,14441,26892,27448,26206
2022-04-18,23553,14938,26887,27900,26355
2022-04-19,23334,14083,26894,28033,26310
2022-04-20,23404,13137,27145,28798,26804
2022-04-21,23864,13939,27113,29448,27140
2022-04-22,24901,16906,26969,29956,27516
2022-04-25,25706,18850,26845,30739,27760
2022-04-26,26144,20022,26689,31072,28096
2022-04-27,26424,20671,26440,31543,28281
2022-04-28,26635,21141,26316,31895,28297
2022-04-29,26401,20238,26292,32018,28368
2022-05-02,26297,19949,26126,32083,28497
2022-05-03,26267,19942,25983,32165,28403
2022-05-04,26566,20348,26434,32315,28373
2022-05-06,28210,24066,27931,32522,28546
2022-05-09,29454,27028,28388,33107,28978
2022-05-10,30656,29544,29549,33342,29253
2022-05-11,31912,32206,30267,34105,29392
2022-05-12,32883,35019,30504,34246,29523
2022-05-13,32970,35294,30540,34156,29732
2022-05-16,32781,34784,30315,34249,29770
2022-05-17,32754,35471,30015,33691,30011
2022-05-18,33114,36112,30562,33713,29983
2022-05-19,34166,38595,31241,33984,30197
2022-05-20,34144,38213,31337,34173,30270
2022-05-23,34547,39401,31564,34100,30272
2022-05-24,34544,38984,31525,34541,30293
2022-05-25,33764,36644,31347,34477,30242
2022-05-26,32519,33531,30547,34309,30026
2022-05-27,30543,28206,29960,33772,29621
2022-05-30,28769,23794,29077,33290,29214
2022-05-31,27929,23085,27824,32655,28599
2022-06-02,27868,24219,27360,31939,28124
2022-06-03,27599,23756,27183,31732,27972
2022-06-07,26999,23750,26520,30684,27127
2022-06-08,26558,23127,26145,30322,26799
2022-06-09,25585,21210,25662,29629,26351
2022-06-10,25127,21043,25106,28979,25886
2022-06-13,24799,20813,24716,28654,25443
2022-06-14,24420,19872,24568,28494,25395
2022-06-15,24787,20486,25192,28506,25317
2022-06-16,25301,21619,25657,28600,25377
2022-06-17,26085,23894,26083,28462,25536
2022-06-20,26552,25119,26330,28491,25701
2022-06-21,26276,24264,26301,28443,25733
2022-06-22,25250,21285,26154,28270,25376
2022-06-23,24216,18538,25786,28073,24972
2022-06-24,24341,19976,25119,27762,24842
2022-06-27,24200,19876,24828,27653,24929
2022-06-28,23668,19105,24592,27085,24339
2022-06-29,22887,18022,24125,26187,23867
2022-06-30,22948,19769,23757,25197,23311
2022-07-01,23153,20497,23740,25212,23185
2022-07-04,22864,19893,23642,25013,23003
2022-07-05,22111,18033,23441,24714,22547
2022-07-06,21532,16731,23059,24544,22312
2022-07-07,21353,17310,22671,23911,21851
2022-07-08,21459,18846,22073,23507,21317
2022-07-11,21356,19298,21618,23262,21028
2022-07-12,21064,19670,20759,22883,20699
2022-07-13,20420,18779,19847,22627,20444
2022-07-14,20298,19545,18993,22410,20139
2022-07-15,20387,20911,18072,22333,19923
2022-07-18,21254,24091,17772,22377,19818
2022-07-19,21294,24221,17748,22408,19807
2022-07-20,21238,23222,17946,22876,20248
2022-07-21,21052,21863,18359,23158,20381
2022-07-22,21264,21994,18572,23425,20669
2022-07-25,21432,21941,18933,23604,20884
2022-07-26,21121,21078,18814,23559,20857
2022-07-27,20516,19916,18569,23109,20380
2022-07-28,19923,18634,18323,22784,20005
2022-07-29,19334,17436,18189,22284,19614
2022-08-01,19006,17178,18106,21717,19054
2022-08-02,18713,16984,18063,21141,18565
2022-08-03,18033,16372,17971,19912,17568
2022-08-04,17140,14456,17890,19161,16880
2022-08-05,16541,13021,17931,18661,16569
2022-08-08,16255,13408,17886,17549,16019
2022-08-09,16317,13972,17833,17258,15981
2022-08-10,16358,14410,17934,16972,15636
2022-08-11,16435,14733,18042,16861,15439
2022-08-12,16074,13441,18138,16862,15418
2022-08-16,15095,10036,18036,17111,15403
2022-08-17,15143,10087,17912,17279,15596
2022-08-18,15234,9978,17620,17913,15812
2022-08-19,15118,9399,17074,18493,16284
2022-08-22,14994,8900,16721,18839,16557
2022-08-23,15169,9358,16343,19277,16754
2022-08-24,15236,9490,16057,19570,17011
2022-08-25,14916,8708,15699,19619,17086
2022-08-26,14064,6668,15331,19239,16930
2022-08-29,13735,6360,14954,18917,16659
2022-08-30,13470,6331,14809,18372,16158
2022-08-31,12742,6003,13758,17525,15565
2022-09-01,12359,6056,13235,16859,15137
2022-09-02,12809,7878,13366,16467,14959
2022-09-05,13396,9910,13580,16204,14884
2022-09-06,13333,9460,13865,16204,14743
2022-09-07,13275,8664,14344,16340,14705
2022-09-08,13442,8404,15274,16245,14645
2022-09-13,14952,10636,18188,16083,14801
2022-09-14,16412,13955,19379,16351,15068
2022-09-15,17232,16144,19474,16715,15323
2022-09-16,16875,15096,19160,16854,15419
2022-09-19,16827,14933,19008,16994,15469
2022-09-20,17361,16673,18945,17078,15520
2022-09-21,18451,19316,19391,17482,15949
2022-09-22,18285,18567,19099,17867,16255
2022-09-23,18345,18554,18850,18285,16384
2022-09-26,18874,20278,18780,18412,16330
2022-09-27,18702,19721,18655,18519,16334
2022-09-28,18561,19085,18630,18707,16348
2022-09-29,18352,18406,18810,18570,16165
2022-09-30,17835,16858,18855,18392,16032
2022-10-04,18259,18341,18981,18218,15966
2022-10-05,18857,20041,19319,18192,15913
2022-10-06,19257,20791,20136,18027,15709
2022-10-07,19113,20231,20210,18052,15651
2022-10-11,18781,19091,20344,17958,15636
2022-10-12,18522,18650,20164,17784,15424
2022-10-13,18295,18396,19892,17659,15107
2022-10-14,17980,17626,19710,17625,14915
2022-10-17,18058,17901,19636,17716,14819
2022-10-18,18145,18058,19730,17794,14707
2022-10-19,18137,17856,19934,17783,14653
2022-10-20,18171,17863,20091,17780,14502
2022-10-21,17924,17334,20057,17615,14219
2022-10-24,17859,17324,20023,17485,14098
2022-10-25,17616,17031,19868,17278,13628
2022-10-26,17196,16143,19617,17090,13414
2022-10-27,16542,15382,18923,16477,13074
2022-10-28,15871,14479,18204,15981,12723
2022-10-31,15584,13963,17737,16065,12550
2022-11-02,14433,12533,16998,14622,11866
2022-11-03,13873,11478,16641,14235,11668
2022-11-04,13648,11190,16631,13927,11230
2022-11-07,13762,12061,16577,13599,10911
2022-11-08,13880,13015,16409,13286,10670
2022-11-09,14076,14005,16190,13178,10647
2022-11-10,14332,15124,16020,13084,10636
2022-11-11,13906,14339,15509,13000,10516
2022-11-14,13756,13936,15342,13074,10503
2022-11-15,13480,13156,15437,12839,10498
2022-11-16,13138,12404,15407,12568,10242
2022-11-17,12986,11890,15399,12589,10221
2022-11-18,12496,10655,15261,12440,9887
2022-11-21,12437,10272,15100,12758,9981
2022-11-22,12422,10287,14950,12805,10088
2022-11-23,12320,10134,14596,12937,10196
2022-11-24,12598,11431,14130,13065,10108
2022-11-25,13120,13031,14004,13280,10249
2022-11-28,13561,14834,13702,13318,10053
2022-11-29,13534,14740,13664,13379,9988
2022-11-30,13358,14198,13731,13255,10032
2022-12-01,13672,14763,14306,13164,10024
2022-12-02,13448,13897,14482,13158,9870
2022-12-05,13503,13849,14697,13184,9836
2022-12-06,13566,13861,14873,13213,9816
2022-12-07,13616,13834,14942,13366,9731
2022-12-08,13971,15023,14843,13445,9781
2022-12-09,14024,15288,14779,13392,9865
2022-12-12,14135,15350,14970,13511,9854
2022-12-13,13748,14490,14708,13404,9673
2022-12-14,13586,14094,14624,13327,9723
2022-12-15,14036,15511,14670,13411,9587
2022-12-16,14806,17467,14745,13966,9524
2022-12-19,15026,18375,14609,13900,9602
2022-12-20,14955,18003,14556,14100,9577
2022-12-21,15421,19743,14486,14022,9458
2022-12-22,16271,23041,14505,13528,9494
2022-12-23,15642,21210,14385,13416,9390
2023-01-03,13196,15511,13476,12175,8474
2023-01-04,12305,13863,12711,11648,8382
2023-01-05,11763,13009,12344,11134,8169
2023-01-06,11377,12525,11661,11018,8156
2023-01-09,11233,12730,11158,10872,8046
2023-01-10,11253,13401,11045,10410,7967
2023-01-11,10667,12329,10424,10197,7815
2023-01-12,10328,12057,10239,9628,7511
2023-01-13,10010,11941,9712,9273,7322
2023-01-16,9876,12075,9441,9009,7186
2023-01-17,9996,12493,9490,8941,7183
2023-01-18,9820,11853,9556,8938,7158
2023-01-19,9476,10487,9739,8952,7221
2023-01-20,9097,8987,10014,8913,7227
2023-01-25,8570,7258,10075,8835,7201
2023-01-26,8352,6609,9996,8905,6994
2023-01-27,8322,6309,10129,8888,7248
2023-01-30,8469,6412,10226,9128,7392
2023-01-31,8454,6126,10180,9397,7429
2023-02-01,8488,6085,10234,9492,7443
2023-02-02,8453,5824,10095,9758,7494
2023-02-03,8224,5634,9926,9371,7448
2023-02-06,8083,5723,9695,9058,7407
2023-02-07,7923,5534,9585,8832,7380
2023-02-08,7881,5647,9582,8639,7202
2023-02-09,7781,5808,9259,8513,7074
2023-02-10,7667,5734,9231,8241,7053
2023-02-13,7756,6133,9195,8202,6973
2023-02-14,7790,6348,9158,8144,6954
2023-02-15,7448,5394,8916,8170,7042
2023-02-16,7348,4760,8881,8476,7133
2023-02-17,7393,4467,8882,8870,7269
2023-02-20,7479,4389,8828,9228,7461
2023-02-21,7853,4615,8909,10068,7751
2023-02-22,8309,4926,9496,10581,8082
2023-02-23,8946,5483,10002,11546,8373
2023-02-24,10047,7240,11289,12059,8709
2023-02-27,10598,7672,12059,12548,9136
2023-02-28,11057,8293,12410,13004,9455
2023-03-02,12287,10415,13391,13815,10004
2023-03-03,12678,11621,13498,13739,10201
2023-03-06,12928,12809,13567,13393,9973
2023-03-07,12970,13188,13574,13227,9737
2023-03-08,13324,14494,13595,13061,9790
2023-03-09,13684,15055,13952,13277,9991
2023-03-10,14181,15709,14390,13760,10237
2023-03-13,14515,16211,14688,13971,10541
2023-03-14,15109,17629,14996,14158,10739
2023-03-15,16469,20154,16540,14481,11165
2023-03-16,16395,19498,16768,14670,11144
2023-03-17,16019,18443,16679,14583,11074
2023-03-20,15916,18464,16543,14396,10953
2023-03-21,15935,18702,16390,14374,10955
2023-03-22,15612,17557,16111,14725,10939
2023-03-23,15479,17519,15427,14961,11068
2023-03-24,15786,18479,15292,15155,11086
2023-03-27,15513,17755,15084,15226,10937
2023-03-28,15003,16523,14933,14967,10764
2023-03-29,14645,15808,14849,14631,10588
2023-03-30,14529,16041,14779,14204,10218
2023-03-31,14367,16071,14753,13732,10004
2023-04-03,14455,16564,14860,13465,9886
2023-04-04,14717,17508,14839,13453,9770
2023-04-05,15090,18699,15137,13283,9546
2023-04-06,15296,19053,15521,13249,9488
2023-04-07,15064,18700,15576,12892,9134
2023-04-10,15073,18910,15626,12694,9039
2023-04-11,14783,18331,15552,12424,8908
2023-04-12,14434,17541,15466,12182,8768
2023-04-13,14328,17613,15306,11987,8562
2023-04-14,14197,17348,15246,11903,8475
2023-04-17,14136,17304,15112,11888,8442
2023-04-18,13957,16858,14916,11931,8453
2023-04-19,14051,16208,14944,12762,8772
2023-04-20,14272,16009,15096,13434,9104
2023-04-21,14952,17719,15247,13757,9348
2023-04-24,15295,18378,15417,13984,9616
2023-04-25,15235,18124,15410,14034,9649
2023-04-26,15191,18226,15297,13931,9550
2023-04-27,15481,19623,15168,13688,9376
2023-04-28,15861,21101,15015,13673,9244
2023-05-02,15796,21263,14868,13479,9127
2023-05-03,15492,20509,14717,13350,9195
2023-05-04,15396,20446,14620,13230,9077
2023-05-08,15505,21615,13961,13110,8994
2023-05-09,15606,21904,13934,13149,9099
2023-05-10,15977,23092,13782,13322,9183
2023-05-11,15999,23321,13601,13313,9285
2023-05-12,15556,22278,13200,13286,9270
2023-05-15,15273,21502,13042,13283,9253
2023-05-16,14918,21122,12286,13246,9218
2023-05-17,14592,20449,11869,13277,9133
2023-05-18,14444,20194,11609,13309,9108
2023-05-19,14319,19992,11418,13310,9026
2023-05-22,14094,19374,11346,13283,8933
2023-05-23,13964,19043,11326,13214,8895
2023-05-24,13736,18919,10806,13118,8825
2023-05-25,13176,17997,10471,12599,8557
2023-05-26,12683,17033,10277,12165,8408
2023-05-30,12003,15620,10038,11596,8270
2023-05-31,11397,14073,9982,11229,8121
2023-06-01,10871,12839,9783,10942,8018
2023-06-02,10658,12613,9527,10757,7891
2023-06-05,10758,13054,9741,10437,7883
2023-06-07,11507,15815,10113,9909,7561
2023-06-08,11553,16144,10216,9677,7425
2023-06-09,11641,16516,10299,9539,7349
2023-06-12,11523,16139,10331,9491,7345
2023-06-13,11626,16405,10346,9556,7335
2023-06-14,11773,16290,10817,9704,7294
2023-06-15,11985,16579,11057,9851,7388
2023-06-16,12063,16402,11501,9838,7406
2023-06-19,11819,15564,11584,9792,7365
2023-06-20,11715,15306,11547,9728,7404
2023-06-21,11768,15742,11427,9591,7397
2023-06-22,12076,17105,11100,9550,7499
2023-06-23,12508,18822,11007,9384,7438
2023-06-26,12729,19650,11018,9302,7381
2023-06-27,12653,19464,11029,9221,7382
2023-06-28,12099,17876,10875,9151,7282
2023-06-29,11985,17623,10736,9180,7230
2023-06-30,11809,17336,10472,9170,7160
2023-07-03,11564,16727,10251,9161,7216
2023-07-04,11276,16026,10084,9072,7210
2023-07-05,11070,15669,9914,8956,7086
2023-07-06,10746,15051,9644,8824,6900
2023-07-07,10761,15209,9591,8780,6867
2023-07-10,10804,15361,9587,8816,6745
2023-07-11,10892,15635,9636,8792,6732
2023-07-12,10971,15599,9895,8839,6715
2023-07-13,11223,16057,10104,8999,6748
2023-07-14,11340,16219,10135,9179,6804
2023-07-17,11220,15873,10122,9138,6799
2023-07-18,10986,15303,9860,9199,6771
2023-07-19,10849,14860,9645,9372,6858
2023-07-20,10620,14161,9393,9554,6880
2023-07-21,10608,14288,9122,9648,6903
2023-07-24,10646,14485,9062,9621,6954
2023-07-25,10496,14216,8888,9559,6966
2023-07-26,10516,14488,8804,9436,6976
2023-07-27,10953,16056,8881,9242,6998
2023-07-28,10776,15919,8798,8928,6830
2023-07-31,10937,16601,8860,8732,6789
2023-08-01,11109,17309,8833,8617,6813
2023-08-02,11191,17501,8983,8551,6802
2023-08-03,11098,17096,9195,8458,6730
2023-08-04,11207,17318,9361,8449,6681
2023-08-07,11436,17403,10123,8370,6672
2023-08-08,11462,17393,10522,8099,6580
2023-08-09,11346,16638,10860,8135,6565
2023-08-10,11448,16495,11130,8290,6732
2023-08-11,11338,15651,11376,8472,6879
2023-08-14,11308,14959,11725,8677,7001
2023-08-16,11971,15684,12481,9312,7281
2023-08-17,12541,16793,12643,9826,7628
2023-08-18,12360,15709,12662,10218,7837
2023-08-21,12208,15178,12566,10316,7899
2023-08-22,12032,14731,12355,10380,7920
2023-08-23,12079,14242,12714,10607,8105
2023-08-24,11762,13426,12476,10611,8079
2023-08-25,11372,12414,12416,10403,8024
2023-08-28,11264,12033,12339,10475,8101
2023-08-29,11387,12418,12411,10448,8035
2023-08-30,11480,12275,12681,10593,8150
2023-08-31,11507,11759,12939,10871,8361
2023-09-01,11607,11863,12990,11030,8425
2023-09-04,11671,11750,13042,11275,8510
2023-09-05,11845,11994,13098,11536,8564
2023-09-06,11820,11792,13233,11523,8560
2023-09-07,11928,11870,13157,11821,8731
2023-09-08,12469,13318,13254,12030,8880
2023-09-11,12781,14036,13326,12248,8978
2023-09-12,12942,14310,13551,12270,9024
2023-09-13,13375,14232,14686,12628,9110
2023-09-14,13812,14951,14896,13114,9237
2023-09-15,14278,15706,15082,13586,9659
2023-09-18,14653,16583,15239,13744,9829
2023-09-19,15562,18540,15608,14357,10105
2023-09-20,16082,19344,15739,15066,10370
2023-09-21,16303,19582,15747,15452,10684
2023-09-22,16044,18808,15571,15562,10614
2023-09-25,16408,20071,15580,15495,10647
2023-09-26,16879,21386,15871,15449,10676
2023-09-27,17242,22872,15828,15206,10706
2023-10-04,17377,25046,15497,13955,10282
2023-10-05,17102,24608,15418,13630,10048
2023-10-06,17469,26153,15185,13535,10072
2023-10-10,18910,29447,16044,14055,10461
2023-10-11,18934,28983,16363,14318,10344
2023-10-12,18458,27391,16387,14338,10228
2023-10-13,18277,27183,16149,14220,10112
2023-10-16,18306,27374,15889,14357,10201
2023-10-17,18456,28048,15707,14359,10221
2023-10-18,18903,29773,15500,14357,10140
2023-10-19,18983,29970,15297,14602,10226
2023-10-20,18711,29061,15146,14767,10187
2023-10-23,18692,28562,15269,15069,10222
2023-10-24,18467,27899,15173,15088,10189
2023-10-25,17940,26150,15261,15021,10102
2023-10-26,16877,23125,15246,14613,9813
2023-10-27,16124,20831,15351,14363,9605
2023-10-30,15061,17934,15071,14063,9407
2023-10-31,14716,17419,14974,13557,9313
2023-11-02,14077,16132,14546,13292,8860
2023-11-03,13883,16266,13908,13189,8737
2023-11-06,14471,18397,13928,13036,8624
2023-11-07,14989,20253,13906,12942,8585
2023-11-08,14940,20069,13932,12967,8501
2023-11-09,14916,19898,13939,13076,8418
2023-11-10,15632,21803,14164,13373,8297
2023-11-13,15934,22301,14628,13426,8276
2023-11-14,15994,22300,14726,13521,8296
2023-11-15,16251,22594,15385,13486,8111
2023-11-16,16573,23088,15933,13550,8021
2023-11-17,16903,23210,16599,13824,8128
2023-11-20,17029,23151,16889,13989,8205
2023-11-21,17092,22425,17272,14491,8359
2023-11-22,16932,21037,17718,14835,8548
2023-11-23,17016,20619,17991,15225,8658
2023-11-24,18123,23589,18271,15581,8907
2023-11-27,20128,29406,18847,15838,9004
2023-11-28,21112,31907,19183,16206,9230
2023-11-29,22378,35550,19208,16710,9376
2023-11-30,24626,41294,19838,17744,9633
2023-12-01,26292,45506,20381,18453,9899
2023-12-04,27797,49175,20993,19080,10227
2023-12-05,27961,48550,21475,19660,10554
2023-12-06,26779,44419,21542,19759,10633
2023-12-07,24328,37512,20529,19527,10580
2023-12-08,22928,33606,19879,19417,10576
2023-12-11,23239,35281,19412,19267,10510
2023-12-12,23995,38813,18852,18797,10567
2023-12-13,23610,38269,18361,18528,10630
2023-12-14,22975,37106,17803,18174,10494
2023-12-15,22663,36500,17563,17977,10515
2023-12-18,22483,36147,17346,17925,10580
2023-12-19,21904,34506,17304,17673,10586
2023-12-20,21157,32084,17330,17610,10497
2023-12-21,20163,29141,17200,17371,10494
2023-12-22,19646,27780,17084,17121,10503
2024-01-02,20419,30806,16974,16859,10277
2024-01-03,19763,29459,16491,16488,10312
2024-01-04,19684,29994,16190,16053,10129
2024-01-05,19554,30097,15757,15895,10289
2024-01-08,19363,29876,15577,15702,10169
2024-01-09,18246,26713,15206,15533,10102
2024-01-10,17277,24245,14791,15241,9938
2024-01-11,15975,21056,13930,14964,9902
2024-01-12,15342,19553,13530,14780,9829
2024-01-15,14679,17966,13271,14471,9669
2024-01-16,14068,16626,12743,14325,9602
2024-01-17,13938,16119,12894,14259,9561
2024-01-18,13929,16131,13149,13970,9542
2024-01-19,14670,18100,13790,13820,9569
2024-01-22,15523,20903,14237,13415,9564
2024-01-23,15221,20064,14245,13251,9532
2024-01-24,14868,18714,14414,13243,9563
2024-01-25,15257,19210,15081,13335,9693
2024-01-26,15209,18725,15333,13398,9723
2024-01-29,15196,18550,15417,13441,9742
2024-01-30,14709,16968,15401,13424,9708
2024-01-31,14443,16555,15001,13371,9650
2024-02-01,14586,17650,14660,13106,9616
2024-02-02,14573,18106,14362,12932,9525
2024-02-05,14714,18809,14193,12893,9456
2024-02-06,15347,20772,14284,12948,9459
2024-02-07,15715,21606,14598,13030,9446
2024-02-08,15192,19640,14624,13193,9549
2024-02-13,16353,22939,14457,13893,9661
2024-02-14,16204,22431,14459,13887,9713
2024-02-15,16285,22243,14787,13998,9764
2024-02-16,16362,22029,15179,14099,9698
2024-02-19,16759,22766,15549,14225,9972
2024-02-20,17242,23032,16653,14407,10139
2024-02-21,17311,22377,17225,14658,10332
2024-02-22,18042,24577,17252,14772,10616
2024-02-23,18764,26983,17125,14884,10662
2024-02-26,19363,29010,16950,14996,10768
2024-02-27,19308,28770,16809,15005,11326
2024-02-28,19926,30636,16773,15120,11673
2024-02-29,21074,33458,17214,15512,12193
2024-03-04,22816,38055,18042,15692,12795
2024-03-05,23559,39369,18986,15811,13093
2024-03-06,22984,37194,18972,15932,13549
2024-03-07,22860,36564,19116,16000,13562
2024-03-08,23311,38364,18849,15976,13546
2024-03-11,23804,40203,19018,15691,13304
2024-03-12,23497,39363,19089,15507,13096
2024-03-13,22883,37424,19147,15363,13029
2024-03-14,22939,37050,19729,15339,13039
2024-03-15,22924,36413,20184,15460,13073
2024-03-18,23042,36230,20691,15557,12990
2024-03-19,23861,38069,21135,15995,13018
2024-03-20,23552,36642,21166,16339,13079
2024-03-21,22875,34708,20581,16576,13159
2024-03-22,22639,34073,20183,16792,13243
2024-03-25,22042,32330,19903,16839,13208
2024-03-26,21111,29830,19496,16712,12992
2024-03-27,19822,26550,18871,16373,12839
2024-03-28,18768,24159,18161,16020,12662
2024-03-29,18592,24923,17314,15608,12391
2024-04-01,18551,25281,17220,15273,12190
2024-04-02,18084,24259,16872,15109,12117
2024-04-03,17579,23001,16589,14992,12043
2024-04-04,17779,24132,16441,14740,11848
2024-04-05,17059,22359,16101,14518,11656
2024-04-08,16835,21999,15848,14398,11619
2024-04-09,16404,21373,15143,14301,11586
2024-04-11,16874,23373,14822,14222,11493
2024-04-12,17438,25034,14974,14279,11522
2024-04-15,17636,25348,15242,14390,11422
2024-04-16,17870,25589,15493,14605,11640
2024-04-17,18090,26114,15460,14805,11764
2024-04-18,19271,28552,16462,15207,12047
2024-04-19,19876,29661,16921,15585,12262
2024-04-22,19821,29070,17113,15835,12154
2024-04-23,19340,27338,16977,16032,12355
2024-04-24,19078,25572,17406,16459,12468
2024-04-25,18771,24292,17206,16837,12704
2024-04-26,18509,23066,17164,17239,12689
2024-04-29,18477,22849,17123,17393,12681
2024-04-30,18160,22031,17017,17295,12576
2024-05-02,18411,23444,17013,16827,12260
2024-05-03,18899,25083,17246,16617,12159
2024-05-07,20240,28201,18493,16689,12255
2024-05-08,21507,31364,19346,16847,12399
2024-05-09,21936,32058,19738,17151,12517
2024-05-10,21645,30937,19676,17334,12614
2024-05-13,21518,30313,19846,17341,12676
2024-05-14,20915,28601,19734,17161,12665
2024-05-16,19637,25714,18839,16729,12526
2024-05-17,19411,25398,18643,16531,12393
2024-05-20,19494,25998,18460,16363,12473
2024-05-21,19450,25903,18510,16335,12255
2024-05-22,19262,25441,18527,16181,12170
2024-05-23,19065,24936,18583,16004,12076
2024-05-24,18891,24804,18489,15656,12064
2024-05-27,18841,25015,18498,15296,11985
2024-05-28,18821,25289,18498,15007,11827
2024-05-29,18459,24727,18096,14678,12091
2024-05-30,18622,25721,17667,14607,12237
2024-05-31,18894,26796,17463,14623,12289
2024-06-03,19115,27749,17315,14570,12249
2024-06-04,19027,27712,17078,14558,12227
2024-06-05,19132,28254,16957,14528,12107
2024-06-07,19442,29046,17079,14622,12176
2024-06-10,19583,29457,17242,14498,12239
2024-06-11,19408,28964,17081,14598,12148
2024-06-12,19104,27509,17270,14845,12168
2024-06-13,19796,29159,17496,15241,12268
2024-06-14,19979,29268,17684,15569,12226
2024-06-17,19968,28709,17962,15811,12236
2024-06-18,19886,28330,17986,15885,12262
2024-06-19,20124,29140,17918,15950,12211
2024-06-20,20007,28971,17579,16053,12266
2024-06-21,20429,30518,17422,16095,12186
2024-06-24,20396,30672,17106,16096,12334
2024-06-25,20055,29734,16759,16202,12462
2024-06-26,19688,29180,15959,16299,12570
2024-06-27,20224,31244,15649,16318,12612
2024-06-28,20548,32361,15504,16372,12772
2024-07-01,20858,33699,15353,16249,12679
2024-07-02,21795,37141,15365,15968,12525
2024-07-03,21216,35745,15052,15782,12416
2024-07-04,20213,32721,14890,15660,12312
2024-07-05,19955,31866,14747,15743,12484
2024-07-08,19657,30982,14594,15824,12372
2024-07-09,19321,30028,14436,15859,12237
2024-07-10,18988,28711,14441,16066,12226
2024-07-11,19245,29059,14689,16321,12249
2024-07-12,19367,29095,14968,16400,12279
2024-07-15,19671,29874,15041,16544,12338
2024-07-16,19770,29354,15624,16763,12473
2024-07-17,19143,27320,15666,16688,12407
2024-07-18,18879,26658,15436,16630,12623
2024-07-19,19045,27237,15396,16615,12699
2024-07-22,18980,27181,15391,16499,12582
2024-07-23,18910,27000,15393,16455,12552
2024-07-24,18793,25753,16177,16538,12532
2024-07-25,18846,25781,16177,16681,12537
2024-07-26,18813,25362,16496,16682,12512
2024-07-29,18691,24996,16474,16640,12574
2024-07-30,18582,24700,16452,16612,12535
2024-07-31,18340,24271,16264,16446,12453
2024-08-01,17993,23551,16024,16262,12424
2024-08-02,17818,23263,15834,16158,12413
2024-08-05,17878,23676,15788,16022,12323
2024-08-06,17935,24031,15672,15990,12273
2024-08-07,17955,24375,15553,15833,12268
2024-08-08,18142,25432,15271,15709,12180
2024-08-09,17922,24893,15138,15651,12176
2024-08-12,17853,24856,15035,15592,12083
2024-08-13,17739,24879,14729,15511,12032
2024-08-14,18156,26270,14682,15554,12048
2024-08-16,18197,26199,14783,15644,12097
2024-08-19,18329,26549,14832,15677,12113
2024-08-20,18515,27136,14743,15759,12235
2024-08-21,18743,27949,14604,15819,12313
2024-08-22,18844,28443,14434,15833,12307
2024-08-23,18774,28459,14249,15786,12260
2024-08-26,18798,28651,14116,15868,12078
2024-08-27,18711,28533,14014,15838,11955
2024-08-28,18644,28588,13786,15828,11832
2024-08-29,19083,30349,13552,15811,11697
2024-08-30,18993,30413,13241,15773,11653
2024-09-02,18796,29941,13141,15692,11637
2024-09-03,19304,31770,13129,15585,11583
2024-09-04,19314,31880,13131,15504,11589
2024-09-05,19250,31730,13219,15381,11505
2024-09-06,19244,31727,13302,15297,11462
2024-09-09,19581,32859,13361,15258,11375
2024-09-10,19366,31999,13490,15257,11421
2024-09-11,19301,31608,13613,15317,11399
2024-09-12,19698,32560,13816,15449,11509
2024-09-13,19545,31686,13915,15665,11652
2024-09-19,19623,30958,14321,16152,11934
2024-09-20,20208,32369,14452,16492,12139
2024-09-23,20309,32319,14596,16704,12241
2024-09-24,20375,32120,14848,16858,12275
2024-09-25,20527,32272,14932,17063,12467
2024-09-26,20682,32807,14874,17092,12505
2024-09-27,20714,33056,14742,17065,12547
2024-09-30,20711,33476,14540,16894,12375
2024-10-02,20055,31918,14264,16537,12392
2024-10-04,19677,31096,14187,16162,12431
2024-10-07,19359,29994,14401,16076,12174
2024-10-08,19111,28919,14555,16161,12210
2024-10-10,18188,25863,14488,16236,12116
2024-10-11,18114,25844,14329,16208,12000
2024-10-14,18327,26772,14202,16128,11966
2024-10-15,18059,26204,14014,16019,11882
2024-10-16,17491,24668,13734,15962,11813
2024-10-17,16566,22340,13165,15814,11703
2024-10-18,16041,21170,12798,15646,11571
2024-10-21,15933,20969,12751,15547,11528
2024-10-22,15515,19775,12733,15394,11444
2024-10-23,15371,19266,12800,15377,11383
2024-10-24,14991,18106,12752,15329,11347
2024-10-25,14916,18110,12684,15183,11231
2024-10-28,14893,18291,12581,15056,11148
2024-10-30,14621,18084,12476,14536,10926
2024-10-31,14382,17744,12295,14296,10815
2024-11-01,14365,17903,12264,14129,10765
2024-11-04,14260,17953,12173,13886,10570
2024-11-05,14446,18616,12133,13899,10516
2024-11-06,14538,19131,12094,13753,10446
2024-11-07,14793,20179,12008,13637,10460
2024-11-08,15104,21339,12008,13508,10477
2024-11-11,15267,22274,11927,13240,10341
2024-11-12,16154,25177,12147,13098,10276
2024-11-13,16579,26552,12235,13142,9999
2024-11-14,16278,25993,12068,12901,9895
2024-11-15,16947,28359,12047,12805,9833
2024-11-18,17423,30090,11918,12801,9799
2024-11-19,16739,27981,11856,12702,9768
2024-11-20,16252,26648,11790,12504,9694
2024-11-21,16045,26458,11358,12444,9676
2024-11-22,15475,24919,11096,12368,9598
2024-11-25,15362,24571,11034,12378,9668
2024-11-26,15486,25124,10876,12421,9600
2024-11-27,15279,24671,10731,12377,9455
2024-11-28,14734,23153,10427,12361,9514
2024-11-29,14021,20870,10363,12390,9347
2024-12-02,13712,19874,10340,12383,9333
2024-12-03,12874,17372,10046,12390,9315
2024-12-04,12364,15766,9933,12408,9320
2024-12-05,11986,14483,9971,12432,9203
2024-12-06,11794,13901,10063,12313,9113
2024-12-09,11757,13678,10257,12231,9071
2024-12-10,11813,13899,10251,12211,9044
2024-12-11,11554,13171,10191,12168,8955
2024-12-12,11164,12080,10094,12100,8820
2024-12-13,11055,11759,9998,12165,8786
2024-12-16,10964,11833,9631,12177,8712
2024-12-17,10933,12146,9417,12020,8581
2024-12-18,10588,11602,8854,12004,8504
2024-12-19,10259,10765,8604,12021,8420
2024-12-20,10021,10349,8250,12005,8395
2024-12-23,10123,10991,8124,11851,8333
2024-12-24,10078,11075,8147,11640,8198
2025-01-02,9996,11616,7593,11422,8063
2025-01-03,10329,12638,7740,11353,8101
2025-01-06,10203,12309,8068,11030,7810
2025-01-07,9788,11193,8077,10798,7679
2025-01-08,9656,10938,8026,10676,7639
2025-01-09,9510,10668,7952,10562,7550
2025-01-10,9498,11057,7797,10344,7387
2025-01-13,9898,12758,7630,10165,7326
2025-01-14,10122,13806,7500,10025,7226
2025-01-15,10063,13568,7626,9968,7144
2025-01-16,9882,13176,7546,9891,6983
2025-01-17,9558,12592,7354,9654,6777
2025-01-20,9206,12085,7322,9157,6363
2025-01-21,8954,11750,7304,8752,6122
2025-01-22,8720,11347,7240,8483,5986
2025-01-23,8424,10721,7099,8309,5849
2025-01-24,8084,9927,6982,8106,5787
2025-01-31,7760,9292,7214,7681,5040
2025-02-03,7654,9126,7194,7538,4964
2025-02-04,7710,9145,7367,7570,4861
2025-02-05,8035,9333,7971,7765,5148
2025-02-06,8532,9499,8858,8262,5467
2025-02-07,8862,9698,9146,8750,5841
2025-02-10,8957,9630,9237,8955,6108
2025-02-11,8981,9383,9469,9022,6188
2025-02-12,8981,9165,9507,9161,6312
2025-02-13,8861,8414,9576,9373,6521
2025-02-14,8941,8496,9544,9534,6687
2025-02-17,9050,8552,9557,9746,6934
2025-02-18,9269,8814,9731,9975,7134
2025-02-19,9631,9027,10280,10360,7307
2025-02-20,10318,10188,10817,10835,7662
2025-02-21,10451,10252,11009,11012,7689
2025-02-24,10775,11083,11208,11046,7743
2025-02-25,11045,11828,11192,11195,7800
2025-02-26,11460,13476,10881,11234,7826
2025-02-27,11861,14808,10743,11379,7819
2025-02-28,12856,18393,10558,11311,7778
2025-03-04,13439,21041,10027,11126,7808
2025-03-05,13243,20753,9903,10936,7653
2025-03-06,13258,21348,9503,10794,7645
2025-03-07,13482,22404,9322,10669,7635
2025-03-10,14065,24164,9396,10727,7783
2025-03-11,14318,24878,9504,10743,7813
2025-03-12,14557,25046,9934,10923,7857
2025-03-13,15902,28118,11133,11072,8054
2025-03-14,16410,28851,11693,11420,8208
2025-03-17,16352,28074,11876,11760,8393
2025-03-18,15977,26388,12104,11935,8490
2025-03-19,16102,26249,12137,12368,8761
2025-03-20,15968,25755,11971,12563,8811
2025-03-21,15976,25909,11836,12563,8837
2025-03-24,16102,25934,12236,12579,8769
2025-03-25,16102,25781,12363,12585,8839
2025-03-26,15937,24604,12994,12567,8873
2025-03-27,15786,23739,13388,12542,8850
2025-03-28,15859,23445,14048,12440,8787
2025-03-31,15707,22979,14121,12330,8782
2025-04-01,15680,23206,13903,12246,8738
2025-04-02,15582,22951,13899,12185,8719
2025-04-03,15799,23611,13958,12173,8761
2025-04-04,15293,22239,13739,12083,8749
2025-04-07,14520,20361,13267,11912,8577
2025-04-08,13790,18518,12865,11766,8451
2025-04-09,13308,17430,12470,11684,8328
2025-04-10,13150,17071,12195,11697,8612
2025-04-11,13222,17563,12026,11617,8597
2025-04-14,13387,18086,12132,11561,8538
2025-04-15,13167,17641,11808,11601,8522
2025-04-16,12800,16286,11980,11569,8496
2025-04-17,12888,16269,12120,11696,8620
2025-04-18,12999,16393,12205,11827,8717
2025-04-21,13033,16452,12253,11843,8685
2025-04-22,13090,16452,12366,11906,8733
2025-04-23,13221,16396,12592,12146,8807
2025-04-24,13610,17439,12857,12141,8785
2025-04-25,13864,18251,12946,12096,8767
2025-04-28,13950,18640,12932,11997,8791
2025-04-29,13866,18602,12828,11888,8712
2025-04-30,13815,18841,12593,11723,8671
2025-05-02,13780,18826,12505,11703,8695
2025-05-07,13481,18639,11979,11422,8691
2025-05-08,13164,17856,11784,11348,8680
2025-05-09,12712,16356,11779,11347,8672
2025-05-12,12816,16714,11857,11257,8682
2025-05-13,12730,16420,11911,11216,8659
2025-05-14,12531,15879,11699,11273,8753
2025-05-15,12605,16276,11512,11309,8756
2025-05-16,13100,17881,11519,11358,8734
2025-05-19,13298,18448,11551,11418,8734
2025-05-20,13014,17316,11615,11510,8822
2025-05-21,13157,17699,11544,11655,8875
2025-05-22,13243,18078,11299,11796,8912
2025-05-23,13313,18324,11201,11854,8992
2025-05-26,13296,18344,11025,11918,9100
2025-05-27,13145,17944,10975,11869,9090
2025-05-28,13121,18223,10794,11710,9030
2025-05-29,13198,19116,10462,11434,8938
2025-05-30,13566,20633,10211,11393,8954
2025-06-02,13969,22264,10038,11309,8858
2025-06-04,14067,23200,9556,11209,8778
2025-06-05,14951,25780,9932,11218,8722
2025-06-09,15682,27149,11072,11179,8618
2025-06-10,15664,26963,11220,11158,8615
2025-06-11,15689,26773,11529,11143,8560
2025-06-12,16318,28730,11630,11184,8542
2025-06-13,17326,31731,11848,11335,8523
2025-06-16,17828,32915,11970,11621,8758
2025-06-17,17934,32941,12150,11757,8796
2025-06-18,17444,30766,12667,11784,8792
2025-06-19,16807,28272,12795,11995,8881
2025-06-20,15991,25450,12773,12118,8889
2025-06-23,15629,24034,12803,12277,8951
2025-06-24,15665,23901,12981,12356,8942
2025-06-25,15732,23853,13227,12396,8887
2025-06-26,15243,21851,13427,12543,8965
2025-06-27,14572,19383,13542,12648,9007
2025-06-30,14334,18451,13619,12701,9027
2025-07-01,14186,17587,13752,12879,9207
2025-07-02,13990,16778,13773,12986,9290
2025-07-03,13980,16770,13581,13132,9351
2025-07-04,14159,17194,13643,13224,9410
2025-07-07,14206,17048,13785,13333,9557
2025-07-08,14382,16793,14097,13792,9770
2025-07-09,14383,16199,14380,14063,9907
2025-07-10,14458,15959,14597,14290,10042
2025-07-11,14846,16726,14868,14496,10193
2025-07-14,15994,19549,15588,14766,10228
2025-07-15,16581,20714,16097,15008,10351
2025-07-16,17275,21843,17090,15172,10435
2025-07-17,18012,23993,16830,15651,10703
2025-07-18,18992,27041,16740,15933,10777
2025-07-21,19039,27179,16695,15997,10779
2025-07-22,18903,26823,16651,15942,10784
2025-07-23,19162,27914,16612,15789,10680
2025-07-24,19896,30660,16524,15578,10672
2025-07-25,20259,31969,16503,15482,10734
2025-07-28,20311,32364,16305,15444,10769
2025-07-29,19962,31397,16231,15356,10674
2025-07-30,18989,28801,15733,15235,10583
2025-07-31,18710,28433,15290,15133,10537
2025-08-01,18878,29325,15035,15062,10513
2025-08-04,18785,29223,14880,15021,10481
2025-08-05,18269,27499,14893,15018,10464
2025-08-06,18646,28236,15174,15233,10533
2025-08-07,18994,28734,15420,15614,10637
2025-08-08,19282,29398,15563,15741,10718
2025-08-11,19675,30463,15702,15829,10765
2025-08-12,19580,29983,15527,16129,10878
2025-08-13,19588,29906,15417,16342,10884
2025-08-14,19718,30101,15411,16528,11056
2025-08-18,19499,29174,15493,16615,11143
2025-08-19,19216,28165,15386,16784,11150
2025-08-20,18662,26240,15070,17110,11364
2025-08-21,18587,25459,15314,17371,11440
2025-08-22,18523,24559,15680,17661,11525
2025-08-25,19345,26934,16111,17621,11457
2025-08-26,20099,29038,16496,17628,11504
2025-08-27,20242,28669,16916,17988,11696
2025-08-28,20056,28011,16960,18008,11622
2025-08-29,19980,27633,16950,18139,11631
2025-09-01,19924,27914,16781,17862,11571
2025-09-02,19722,27673,16419,17829,11462
2025-09-03,19404,26970,16416,17510,11353
2025-09-04,19275,26818,16314,17348,11311
2025-09-05,19400,27030,16352,17524,11287
2025-09-08,19530,27236,16406,17698,11282
2025-09-09,19856,27856,16784,17789,11273
2025-09-10,20173,28537,17108,17855,11228
2025-09-11,20211,28296,17447,17908,11159
2025-09-12,20148,27843,17529,18046,11228
2025-09-15,20255,28083,17531,18124,11336
2025-09-16,20584,29176,17608,18064,11294
2025-09-17,20499,29238,17393,17957,11221
2025-09-18,20743,29980,17474,17955,11199
2025-09-19,21061,31142,17392,17946,11177
2025-09-22,20987,31019,17216,17994,11188
2025-09-23,21006,31129,17175,17979,11214
2025-09-24,21349,31808,17527,18083,11230
2025-09-25,21652,32519,17800,18130,11177
2025-09-26,21851,32943,17810,18323,11284
2025-09-29,21752,32705,17755,18311,11210
2025-09-30,21168,30939,17549,18338,11203
2025-10-01,20152,28007,17069,18335,11288
2025-10-02,19278,25663,16524,18308,11299
2025-10-10,19295,25673,17276,17605,11291
2025-10-13,20308,28397,17780,17745,11319
2025-10-14,20899,30069,18184,17627,11356
2025-10-15,20443,28200,18497,17645,11403
2025-10-16,20542,28426,18455,17763,11483
2025-10-17,20804,29543,18323,17649,11499
2025-10-20,20887,29834,18357,17590,11531
2025-10-21,21053,30386,18391,17555,11528
2025-10-22,21126,30193,18709,17629,11674
2025-10-23,21011,29522,19016,17592,11721
2025-10-24,20487,27793,19110,17478,11725
2025-10-27,20229,26987,19223,17313,11723
2025-10-28,20013,26409,19317,17088,11690
2025-10-29,19872,26280,19152,16914,11685
2025-10-30,19951,26873,19077,16693,11578
2025-10-31,20127,27509,18978,16736,11602
2025-11-03,19926,26896,18956,16718,11545
2025-11-04,19689,26451,18729,16628,11462
2025-11-05,19791,27291,18402,16483,11377
2025-11-06,20269,28804,18418,16573,11308
2025-11-07,20678,30145,18434,16592,11270
2025-11-10,20658,30188,18499,16433,11220
2025-11-11,20487,29263,18656,16616,11261
2025-11-12,20394,28534,18738,16965,11233
2025-11-13,20196,27473,18883,17200,11295
2025-11-14,20527,28328,18881,17432,11348
2025-11-17,20827,29241,18825,17560,11390
2025-11-18,21198,30456,18757,17659,11360
2025-11-19,21730,32076,18786,17781,11368
2025-11-20,21917,32468,18779,17957,11562
2025-11-21,21662,31540,18742,18028,11686
2025-11-24,21852,32157,18852,17964,11598
2025-11-25,22133,32722,19219,17984,11550
2025-11-27,22743,34409,19313,18170,11750
2025-11-28,23335,36226,19310,18302,11835
2025-12-01,24021,38408,19252,18464,11839
2025-12-02,24272,39232,19118,18573,11953
2025-12-03,24522,40092,18855,18736,12169
2025-12-04,25445,43189,18729,18805,12281
2025-12-05,24998,41976,18509,18756,12253
2025-12-08,24335,40271,18200,18575,12216
2025-12-09,23877,39496,17812,18260,12065
2025-12-10,22327,36297,16391,17749,11960
2025-12-11,21325,33539,16058,17590,11685
2025-12-12,20712,31693,15990,17478,11636
2025-12-15,20296,31446,15142,17247,11453
2025-12-16,20327,32668,14404,16905,11337
2025-12-17,20159,32999,13812,16628,11273
2025-12-18,19404,31567,13019,16388,11117
2025-12-19,19116,31463,12643,15976,10920
2025-12-22,18575,31034,11701,15553,10886
2025-12-23,17993,29954,11475,15045,10511
2025-12-24,17519,29300,11001,14623,10426
2026-01-05,16631,28405,11047,12852,9401
2026-01-06,16737,28564,11540,12603,9252
2026-01-07,16566,27901,11911,12392,9047
2026-01-08,16391,27173,12211,12280,8920
2026-01-09,16166,26375,12305,12239,8906
2026-01-12,15983,25825,12338,12148,8895
2026-01-13,15728,25352,12017,12101,8867
2026-01-14,15346,24261,11885,12068,8815
2026-01-15,15061,23206,12029,12058,8726
2026-01-16,15047,22259,12768,12217,8738
2026-01-19,15413,23076,13139,12251,8729
2026-01-20,15994,24707,13649,12048,8727
2026-01-21,16740,26276,14047,12531,8833
2026-01-22,17160,27438,14054,12796,8731
2026-01-23,16621,25730,13723,13025,8778
2026-01-26,16652,25823,13707,13013,8886
2026-01-27,17265,28026,13536,13041,8838
2026-01-28,18624,31919,13835,13337,8968
2026-01-29,18675,31601,14157,13496,8981
2026-01-30,19377,33544,14424,13621,9002
2026-02-02,19721,34133,14696,13870,9114
2026-02-03,19359,32797,14742,13952,9119
2026-02-04,18613,29998,15028,13979,9111
2026-02-05,18369,29163,14995,14038,9106
2026-02-06,18317,28955,14953,14119,9089
2026-02-09,18290,28992,14836,14131,9024
2026-02-10,17798,27637,14707,14040,8824
2026-02-11,17888,27499,14994,14177,8866
2026-02-12,19032,30052,16033,14387,8901
2026-02-13,19929,32275,16334,14835,8955
2026-02-19,19664,30625,17067,14816,9112
2026-02-20,19669,30269,17519,14723,9158
2026-02-23,19962,30966,17566,14902,9313
2026-02-24,20392,32203,17502,15156,9340
2026-02-25,20533,31892,17838,15502,9638
2026-02-26,20388,30748,17998,15899,9946
2026-02-27,20789,30951,18306,16577,10385
2026-03-03,21533,32184,18578,17372,10925
2026-03-04,22227,33147,19296,17891,11262
2026-03-05,22270,32728,19608,18097,11402
2026-03-06,21625,30556,19515,18150,11589
2026-03-09,20260,26618,19350,17777,11364
2026-03-10,20658,28919,18792,17399,11254
2026-03-11,19419,25695,18485,16854,11091
2026-03-12,19373,25875,18401,16637,10990
2026-03-13,19700,27234,18369,16433,10895
2026-03-16,20177,29021,18257,16341,10914
2026-03-17,20197,29291,18358,16045,10891
2026-03-18,20029,28761,18532,15885,10755
2026-03-19,20172,29539,18547,15604,10647
2026-03-20,20115,29453,18607,15461,10587
2026-03-23,20024,29446,18498,15278,10579
2026-03-24,19876,29162,18386,15176,10591
2026-03-25,19620,28484,18208,15183,10581
2026-03-26,19671,29234,17697,15115,10577
2026-03-27,19925,30380,17445,15053,10621
2026-03-30,19978,30678,17255,15112,10643
2026-03-31,19616,30301,16791,14713,10748
2026-04-01,19506,29949,16864,14617,10772
2026-04-02,19796,30676,16832,14845,10898
2026-04-03,20009,31246,16698,15072,11043
2026-04-06,19906,31194,16701,14740,11152
2026-04-07,20191,31664,16961,14948,11185
2026-04-08,20879,33503,17136,15211,11240
2026-04-09,20819,32658,17465,15469,11414
2026-04-10,21001,32663,17636,15859,11531
2026-04-13,21290,33455,17696,15950,11598
2026-04-14,21968,35129,17955,16208,11802
2026-04-15,23110,38010,18481,16552,11971
2026-04-16,24119,40206,19021,17096,12225
2026-04-17,24134,39545,19282,17476,12432
2026-04-20,24494,40699,19223,17539,12558
2026-04-21,25316,42541,19679,17827,13018
2026-04-22,25445,42359,19670,18374,13243
2026-04-23,25982,43189,19857,19061,13499
2026-04-24,25924,42527,19817,19509,13684
2026-04-27,25845,42039,19862,19644,13812
2026-04-28,26067,42658,19950,19621,13983
2026-04-29,26075,42716,20023,19530,13946
2026-04-30,25976,42350,20046,19519,14014
2026-05-06,27316,46579,20559,19255,13984
2026-05-07,28390,49638,20966,19340,14069
2026-05-08,28692,49612,21856,19443,14182
2026-05-11,28185,47679,22034,19482,14268
2026-05-12,28887,48969,22807,19721,14380
2026-05-13,29086,49043,23354,19733,14466
2026-05-14,29972,51659,23680,19724,14527
2026-05-15,29666,50392,23787,19817,14670
2026-05-18,29572,49781,23957,19923,14735
2026-05-19,29030,48014,23786,20086,14642
2026-05-20,28887,47845,23555,20017,14616
2026-05-21,28494,47451,22560,20076,14680
2026-05-22,28031,46724,21714,20111,14659
2026-05-26,28679,48850,21686,20170,14675
2026-05-27,29397,50608,22277,20198,14723
2026-05-28,29760,51728,22550,20066,14564
2026-05-29,30461,53842,22885,19983,14486
2026-06-01,29868,51801,22964,19976,14458
2026-06-02,30284,53189,22929,20001,14479
2026-06-04,29304,50481,22278,20075,14540
2026-06-05,28429,47893,21827,20105,14810
2026-06-08,27940,47053,21103,20077,14701
2026-06-09,27139,44848,20496,20253,14602
2026-06-10,26327,42416,20090,20380,14610
2026-06-11,26167,41319,20497,20500,14718
2026-06-12,25736,39530,20652,20648,14870
2026-06-15,25899,39851,20814,20701,14888
2026-06-16,25749,39212,20785,20841,14974
2026-06-17,25279,37770,20391,21091,15040
2026-06-18,25225,37828,19861,21379,15041
2026-06-19,25225,38550,19134,21370,15090
2026-06-22,25908,40734,19155,21432,15114
2026-06-23,25531,40316,18363,21375,15152
2026-06-24,25216,39361,18108,21500,15248
2026-06-25,24991,38242,18396,21553,15333
2026-06-26,24509,36653,18555,21396,15276
2026-06-29,24073,35302,18589,21251,15304
2026-06-30,24054,35191,18786,21082,15363
2026-07-01,24092,35212,19101,20907,15257
2026-07-02,24647,36926,19185,21033,15040
2026-07-03,25339,38966,19399,21110,14968
2026-07-06,25872,40450,19728,21089,14914
2026-07-07,26989,43934,19951,21124,14859
2026-07-08,27341,44986,20099,21112,14821
2026-07-09,27115,44116,20247,21109,14736
2026-07-10,27453,44994,20420,21192,14712
2026-07-13,27823,46133,20611,21130,14609
2026-07-14,28071,46710,20687,21312,14584
2026-07-15,28262,47056,20875,21378,14695
2026-07-16,27755,45284,20851,21501,14638
2026-07-20,26290,40409,20704,21628,14676
2026-07-21,25422,38045,20366,21467,14583
2026-07-22,25613,39179,19990,21349,14578
2026-07-23,25968,41084,19526,21120,14492
2026-07-24,26082,42079,19125,20918,14454
2026-07-27,26156,42750,18930,20688,14457
2026-07-28,25720,41695,18792,20426,14466
2026-07-29,25424,41049,18832,20108,14280
2026-07-30,24936,39818,18759,19815,14187
2026-07-31,25597,41882,18998,19724,14157
2026-08-03,25990,42915,19377,19654,14058
2026-08-04,27100,46320,19664,19659,14070
2026-08-05,27445,47177,20023,19607,14029
2026-08-06,28369,50202,20193,19518,13956
2026-08-07,28296,49846,20344,19464,13995
2026-08-10,28594,50782,20455,19387,14066
2026-08-11,28475,50324,20631,19292,14013
2026-08-12,28241,49270,20894,19288,14051
2026-08-13,27571,46820,20882,19516,14054
2026-08-14,26926,44654,20702,19702,14092
2026-08-18,27136,45532,20382,19801,14213
2026-08-19,26609,44108,20036,19799,14262
2026-08-20,26414,43618,19757,19869,14408
2026-08-21,26670,44286,19782,19969,14586
2026-08-24,27169,45583,19875,20190,14750
2026-08-25,27606,46425,20504,20161,14788
2026-08-26,28046,47491,20817,20247,14795
2026-08-27,28916,50417,20719,20317,14803
2026-08-28,29357,50750,21509,20584,15037
2026-08-31,30142,52994,21607,20782,15269
2026-09-01,29915,51849,21930,20849,15268
2026-09-02,30034,51973,22148,20895,15299
2026-09-03,31674,56921,22536,21013,15332
2026-09-04,32886,60432,22821,21218,15453
2026-09-07,33732,63177,22832,21236,15582
2026-09-08,33303,61094,23367,21359,15571
2026-09-09,33426,61512,23233,21438,15709
2026-09-10,33710,62378,23307,21434,15743
2026-09-11,32880,59604,23311,21429,15767
