Date,"('KCCI', 'KCCI')","('Mainlane', 'KUWI')","('Mainlane', 'KUEI')","('Mainlane', 'KNEI')","('Mainlane', 'KMDI')","('Non-Mainlane', 'KMEI')","('Non-Mainlane', 'KAUI')","('Non-Mainlane', 'KLEI')","('Non-Mainlane', 'KLWI')","('Non-Mainlane', 'KSAI')","('Non-Mainlane', 'KWAI')","('Intra Asia', 'KCI')","('Intra Asia', 'KJI')","('Intra Asia', 'KSEI')"
2022-11-07,2892,1934,5383,4016,4475,3359,4166,5075,3854,6459,6028,295,881,1708
2022-11-14,2706,1851,5044,3483,4211,3204,3860,4624,3646,6165,5866,286,882,1667
2022-11-21,2429,1726,4578,2776,3541,3117,3173,3917,3134,6073,5832,273,862,1641
2022-11-28,2260,1623,4148,2399,3264,3007,2895,3525,2899,5996,5725,270,859,1635
2022-12-05,2093,1582,3772,2171,3103,2868,2576,2995,2539,5904,5292,255,835,1569
2022-12-12,2022,1553,3615,2035,3025,2760,2402,2835,2428,5810,5210,254,835,1553
2022-12-19,1936,1550,3445,1983,3014,2618,2166,2465,2326,5482,4964,248,819,1526
2022-12-26,1891,1516,3384,1870,3031,2546,2113,2331,2287,5410,4727,247,817,1509
2023-01-02,1835,1518,3289,1873,3057,2497,2025,2093,2213,4945,4095,252,815,1512
2023-01-09,1738,1510,3184,1950,3030,2322,1727,1817,1824,4689,3853,275,775,1316
2023-01-16,1701,1515,3098,1887,3014,2266,1711,1669,1676,4524,3819,280,772,1309
2023-01-25,1668,1506,3045,1880,2964,2202,1701,1645,1576,4385,3641,283,767,1263
2023-01-30,1638,1478,2972,1828,2924,2171,1635,1648,1599,4216,3573,280,765,1244
2023-02-06,1574,1447,2887,1838,2935,2065,1463,1523,1669,3805,2875,282,767,1158
2023-02-13,1560,1433,2840,1770,2926,2051,1403,1600,1748,3689,3085,268,756,1129
2023-02-20,1542,1417,2795,1743,2900,1998,1354,1646,1915,3539,3007,259,744,1078
2023-02-27,1496,1364,2690,1696,2870,1965,1234,1720,1933,3270,2796,255,728,1032
2023-03-06,1448,1327,2574,1596,2740,1889,1130,1832,1936,3114,2644,253,731,1000
2023-03-13,1401,1313,2458,1495,2658,1813,1070,1837,1920,2936,2537,251,716,965
2023-03-20,1353,1253,2334,1463,2601,1781,1013,1674,1861,2841,2509,250,723,957
2023-03-27,1317,1218,2249,1428,2545,1727,917,1638,1877,2670,2425,244,717,938
2023-04-03,1229,1217,2151,1405,2437,1695,812,1662,1812,2268,2226,156,508,823
2023-04-10,1218,1193,2089,1408,2416,1660,783,1826,1926,2140,2244,148,497,768
2023-04-17,1269,1324,2229,1436,2455,1661,792,2034,2140,2092,2338,141,463,714
2023-04-24,1368,1568,2507,1482,2511,1664,759,2297,2491,2004,2388,131,459,711
2023-05-02,1346,1455,2440,1423,2510,1677,757,2380,2603,1994,2404,130,453,697
2023-05-08,1346,1468,2432,1430,2484,1718,676,2398,2780,1858,2402,130,451,671
2023-05-15,1324,1413,2407,1408,2452,1741,661,2367,2737,1855,2471,118,428,628
2023-05-22,1328,1409,2482,1400,2467,1789,668,2349,2698,1782,2522,124,445,609
2023-05-30,1303,1340,2399,1400,2448,1805,690,2285,2653,1747,2538,123,445,591
2023-06-05,1357,1574,2657,1373,2449,1804,665,2409,2601,1678,2518,121,433,566
2023-06-12,1328,1516,2546,1361,2384,1804,657,2443,2494,1662,2511,121,434,547
2023-06-19,1288,1406,2368,1323,2344,1855,662,2537,2352,1674,2524,122,433,540
2023-06-26,1261,1340,2262,1283,2291,1893,652,2613,2277,1662,2579,121,429,515
2023-07-03,1231,1362,2290,1215,2189,1805,608,2718,2271,1549,2503,91,361,445
2023-07-10,1227,1410,2366,1172,2120,1797,602,2747,2262,1505,2444,78,333,422
2023-07-17,1237,1491,2452,1138,2072,1779,589,2747,2239,1507,2423,75,326,398
2023-07-24,1270,1660,2579,1133,2063,1745,592,2805,2203,1499,2431,73,323,392
2023-07-31,1292,1714,2690,1181,2073,1719,590,2761,2213,1505,2395,70,317,381
2023-08-07,1377,1936,2929,1431,2161,1674,624,2813,2265,1533,2353,68,313,364
2023-08-14,1390,1969,2995,1459,2177,1648,636,2784,2306,1526,2361,63,312,354
2023-08-21,1411,2023,3088,1465,2173,1649,673,2793,2371,1525,2353,60,293,326
2023-08-28,1370,1965,3004,1405,2176,1628,718,2663,2382,1504,2358,37,241,305
2023-09-04,1362,2007,3038,1359,2096,1604,832,2471,2335,1495,2349,34,228,290
2023-09-11,1332,1964,2970,1303,2007,1578,925,2394,2247,1524,2348,33,221,288
2023-09-18,1284,1924,2793,1224,1947,1542,967,2255,2147,1525,2308,33,215,287
2023-09-25,1236,1842,2609,1183,1880,1514,1022,2164,2020,1558,2285,35,220,279
2023-10-10,1170,1768,2350,1101,1756,1477,1090,2062,1881,1533,2172,39,206,273
2023-10-16,1157,1768,2340,1070,1684,1483,1080,2055,1853,1526,2098,38,203,267
2023-10-23,1167,1739,2323,1063,1655,1518,1106,2174,2020,1551,2076,29,213,277
2023-10-30,1199,1816,2369,1077,1663,1550,1181,2291,2078,1612,2034,30,210,280
2023-11-06,1284,2035,2492,1202,1766,1580,1286,2539,2155,1656,2055,28,204,282
2023-11-13,1262,1906,2423,1178,1763,1599,1323,2579,2138,1722,2052,31,198,266
2023-11-20,1255,1814,2398,1199,1731,1588,1372,2757,2059,1761,2069,30,197,271
2023-11-27,1254,1772,2422,1208,1738,1602,1434,2838,1989,1773,2050,30,194,271
2023-12-04,1269,1709,2452,1305,1782,1576,1499,2962,2016,1775,2048,28,187,274
2023-12-11,1280,1700,2468,1394,1869,1554,1522,2913,1995,1765,2024,29,191,282
2023-12-18,1344,1800,2744,1606,2030,1552,1520,2815,1960,1780,1981,30,184,284
2023-12-26,1421,1852,2896,1929,2380,1599,1567,2810,1911,1781,1958,31,184,286
2024-01-02,1557,2032,3041,2495,2933,1726,1631,2803,1938,1840,1947,31,184,294
2024-01-08,1934,2499,3665,3732,4244,1999,1746,3079,2237,1944,2005,31,184,318
2024-01-15,2238,2886,4353,4495,5183,2386,1967,3297,2367,2036,2092,32,186,335
2024-01-22,2620,3798,5440,5160,5942,2761,2111,3302,2414,2097,2133,32,186,342
2024-01-29,2734,4199,5813,5233,6118,2835,2181,3240,2363,2089,2139,31,186,339
2024-02-05,2831,4902,6270,4877,5772,2991,2219,3150,2182,2088,2126,31,186,353
2024-02-13,2742,4739,6070,4652,5433,3007,2260,3059,2121,2081,2139,33,187,361
2024-02-19,2729,4740,6068,4519,5330,3042,2245,2971,2256,2112,2129,33,183,372
2024-02-26,2703,4678,6005,4457,5233,2974,2191,2980,2339,2109,2143,32,182,383
2024-03-04,2632,4477,5917,4169,4955,2986,2151,2996,2499,2159,2143,32,183,404
2024-03-11,2533,4218,5693,3997,4654,2975,2036,2994,2502,2157,2127,40,184,411
2024-03-18,2402,3939,5264,3752,4417,2922,1950,2942,2503,2168,2147,40,184,420
2024-03-25,2326,3845,5131,3526,4115,2870,1866,2941,2369,2130,2156,39,184,436
2024-04-01,2216,3594,4721,3385,3927,2864,1809,2943,2332,2108,2111,39,184,443
2024-04-08,2149,3321,4266,3357,3930,2847,1672,3177,2615,2130,2100,38,186,463
2024-04-15,2145,3219,4111,3378,3932,2836,1594,3477,2764,2156,2185,38,187,481
2024-04-22,2183,3175,4042,3336,3950,2915,1575,3916,3229,2261,2313,39,187,494
2024-04-29,2278,3329,4225,3452,3988,2925,1592,4368,3563,2301,2339,38,187,504
2024-05-07,2606,4014,5068,3850,4208,3064,1703,5039,4062,2516,2640,42,199,544
2024-05-13,2717,4132,5206,4033,4394,3098,1749,5478,4285,2744,2892,42,201,559
2024-05-20,3158,4902,5940,4820,5221,3264,1929,6201,4862,3577,4088,43,204,573
2024-05-27,3367,5070,6190,5126,5469,3319,2019,6636,5174,4268,6002,45,213,575
2024-06-03,3743,5620,6765,5740,6027,3503,2215,7415,5819,5384,6842,46,218,648
2024-06-10,4043,5955,7109,6174,6544,3751,2436,7824,6361,6633,8110,45,219,782
2024-06-17,4306,6422,7552,6549,6881,4051,2573,8260,6806,7139,8438,46,225,855
2024-06-24,4572,6908,8040,7092,7251,4293,2736,8443,7231,7590,8501,46,236,902
2024-07-01,4778,7232,8539,7497,7480,4370,2782,8814,7534,7793,8394,48,239,1041
2024-07-08,5135,7851,9664,8221,7834,4471,2802,9332,7618,7898,7938,52,250,1369
2024-07-15,5133,7692,9731,8430,7875,4539,2820,9319,7310,7939,7866,52,249,1413
2024-07-22,5044,7397,9760,8525,7742,4475,2850,9179,6870,7702,7218,53,249,1429
2024-07-29,4890,6900,9574,8508,7629,4404,2849,8873,6419,7556,6862,53,250,1450
2024-08-05,4778,6640,9441,8479,7486,4286,2953,8560,5804,7431,6720,53,246,1488
2024-08-12,4673,6343,9283,8390,7294,4237,2974,8441,5460,7491,6581,53,250,1492
2024-08-19,4659,6636,9480,8106,7032,4070,3240,8181,5093,7221,6519,52,246,1460
2024-08-26,4530,6376,9158,7816,6843,3938,3425,7951,4923,7129,6523,52,250,1482
2024-09-02,4467,6369,9054,7479,6534,3788,3621,7821,5209,6957,6381,52,254,1438
2024-09-09,4313,6127,8774,6754,6078,3538,4001,7740,5557,6803,6219,52,252,1377
2024-09-23,4077,5963,8029,5855,5515,3381,4380,7672,5460,6521,5763,51,248,1326
2024-09-30,3740,5677,7296,4843,4791,3069,4379,7471,4818,6136,5266,51,248,1287
2024-10-07,3451,5299,6764,4131,4324,2871,4293,7145,4163,6011,5095,50,242,1179
2024-10-14,3327,5246,6335,3872,4175,2747,4246,6948,3989,5859,4893,48,242,1160
2024-10-21,3209,5157,6156,3440,3633,2577,4239,6779,4141,5765,4732,48,244,1127
2024-10-28,3188,5158,6127,3329,3469,2570,4259,6731,4194,5766,4738,47,244,1132
2024-11-04,3259,5149,5759,4009,4109,2470,4351,6720,4364,5876,4706,47,242,1141
2024-11-11,3256,5068,5704,4095,4292,2542,4364,6631,4351,5751,4678,49,242,1139
2024-11-18,3183,4814,5360,4193,4461,2581,4460,6348,4228,5584,4640,49,241,1162
2024-11-25,3089,4379,5261,4205,4516,2570,4511,6164,3863,5502,4657,49,241,1184
2024-12-02,3013,3898,5073,4471,4617,2587,4452,6021,3807,5297,4683,49,241,1200
2024-12-09,3032,3606,4987,4953,5208,2564,4343,5971,3801,5222,4687,44,239,1239
2024-12-16,3140,3971,5285,5249,5459,2608,4263,5943,3528,5154,4624,44,237,1250
2024-12-23,3265,4500,5693,5419,5633,2515,4233,5844,3418,5020,4475,44,237,1267
2024-12-30,3333,4786,5926,5432,5617,2492,4326,5871,3320,4982,4504,44,237,1277
2025-01-06,3480,5429,6467,5283,5614,2482,4387,5951,3451,4908,4577,49,254,1273
2025-01-13,3378,5195,6313,5062,5524,2476,4387,5829,3215,4891,4399,49,255,1259
2025-01-20,3191,4957,6192,4634,5274,2414,4158,5182,2669,4775,4201,49,251,1240
2025-02-03,2951,4603,6029,3930,4853,2382,3790,4620,2291,4554,4082,49,224,1228
2025-02-10,2801,4555,5870,3489,4505,2303,3415,4184,2184,4203,3940,49,226,1186
2025-02-17,2693,4299,5460,3320,4343,2288,3186,4122,2480,4020,3938,49,256,1179
2025-02-24,2530,3893,5020,3098,4123,2262,2829,3883,2769,3859,3879,49,254,1168
2025-03-04,2323,3305,4390,2904,3931,2261,2584,3732,2658,3810,3841,49,249,1157
2025-03-10,2140,2833,3736,2943,3911,2328,2317,3398,2416,3526,3660,49,248,1169
2025-03-17,1950,2495,3378,2552,3679,2271,2171,2952,2160,3321,3491,49,248,1176
2025-03-24,1825,2317,3256,2419,3294,2241,1915,2649,1877,3217,3326,49,244,1166
2025-03-31,1773,2291,3236,2245,3116,2225,1795,2431,1878,3154,3241,49,244,1165
2025-04-07,1829,2529,3575,2288,3031,2219,1772,2226,1873,3035,3261,49,259,1162
2025-04-14,1800,2566,3606,2162,2881,2226,1777,1946,1891,2977,3175,48,257,1157
2025-04-21,1767,2416,3453,2235,2985,2222,1758,1938,1860,2923,3168,46,254,1149
2025-04-28,1758,2405,3437,2215,3019,2206,1747,1895,1837,2875,3134,47,250,1148
2025-05-12,1752,2514,3495,2068,2976,2211,1712,1821,1757,2737,3161,47,252,1143
2025-05-19,1849,2898,3947,2023,2946,2199,1684,1874,1816,2677,3107,47,250,1145
2025-05-26,1906,3076,4142,2012,2950,2208,1739,2009,1960,2556,3096,46,250,1149
2025-06-02,2186,3785,4860,2083,3319,2276,1699,2455,2743,2788,3304,46,246,1143
2025-06-09,2807,5418,6373,2540,4361,2510,1648,3294,4008,2952,3751,46,245,1139
2025-06-16,2827,4921,6382,2677,4533,2536,1661,4105,4425,3023,3982,46,244,1132
2025-06-23,2711,3963,6195,2932,4490,2636,1676,4841,3978,2930,4280,48,243,1119
2025-06-30,2590,3371,5461,3075,4374,2641,1685,5636,3564,3378,4411,48,240,1110
2025-07-07,2449,2708,4836,3265,4015,2690,1733,6263,3084,3559,4608,50,225,1065
2025-07-14,2394,2500,4679,3285,3925,2662,1787,6325,2880,3695,4691,50,224,1053
2025-07-21,2285,2296,3973,3410,3802,2624,1872,6212,2661,3671,4721,50,224,1042
2025-07-28,2199,2126,3652,3414,3553,2612,1919,5888,2645,3695,4718,50,224,1035
2025-08-04,2131,2090,3412,3349,3392,2482,2108,5245,2772,3822,4668,51,210,994
2025-08-11,2069,2029,3222,3278,3291,2449,2192,4790,2803,3851,4612,50,220,979
2025-08-18,1993,1904,2996,3110,3120,2440,2256,4397,2955,3958,4491,50,221,963
2025-08-25,1940,1849,2899,2969,3012,2375,2356,4080,2954,4032,4343,50,219,957
2025-09-01,1909,1871,2923,2797,2931,2366,2439,3685,3036,4027,4293,50,218,947
2025-09-08,1950,2253,3224,2545,2813,2333,2489,3498,3051,4005,4171,50,219,918
2025-09-15,1915,2296,3268,2364,2710,2302,2496,3450,2826,3937,4032,50,219,896
2025-09-22,1785,2019,3038,2126,2427,2293,2537,3323,2429,3979,3927,50,219,880
2025-09-29,1692,1873,2890,1917,2269,2267,2517,3130,2176,3947,3858,50,217,877
2025-10-20,1698,2040,2925,1955,2232,2125,2529,3007,2334,3735,3575,49,210,833
2025-10-27,1719,2091,2981,1972,2327,2062,2543,2994,2388,3763,3557,49,210,836
2025-11-03,1834,2411,3304,2146,2495,2028,2686,2964,2465,3727,3568,49,215,850
2025-11-10,1848,2464,3073,2306,2746,2036,2852,2856,2412,3602,3541,48,215,856
2025-11-17,1760,2134,2892,2384,2727,2049,2916,2591,2121,3567,3483,48,215,876
2025-11-24,1689,1908,2764,2359,2742,2106,2959,2242,1916,3519,3474,48,215,893
2025-12-01,1677,1820,2642,2403,2836,2151,2889,2236,2020,3473,3433,50,214,916
2025-12-08,1699,1831,2706,2450,3182,2156,2765,2173,2015,3385,3414,50,214,941
2025-12-15,1704,1807,2700,2524,3413,2221,2708,2136,1867,3315,3422,51,214,963
2025-12-22,1806,2116,3070,2705,3785,2306,2625,2009,1752,3292,3231,51,214,968
2025-12-29,1805,2123,3096,2767,3905,2361,2503,1883,1677,3151,3168,50,215,963
2026-01-12,1876,2339,3270,2829,4335,2486,2466,1855,1507,3224,3173,51,214,938
2026-01-19,1898,2513,3533,2809,4257,2435,2331,1742,1388,3116,3169,51,214,931
2026-01-26,1799,2278,3221,2741,4082,2384,2230,1638,1314,3091,3157,53,219,927
2026-02-02,1683,2101,2990,2539,3766,2210,2086,1603,1239,2880,3109,53,219,906
2026-02-09,1597,1958,2854,2407,3483,2046,1927,1556,1248,2760,3084,52,219,888
2026-02-23,1522,1823,2658,2253,3176,1976,1749,1522,1561,2558,3055,51,219,886
2026-03-03,1614,1974,2826,2291,3188,2062,1662,1769,2181,2703,3119,51,220,876
2026-03-09,1767,2036,2962,2315,3221,3622,1579,2377,2634,2675,3210,51,220,865
2026-03-16,1879,2046,3013,2461,3573,4401,1492,2701,2765,2796,3517,52,220,902
2026-03-23,2027,2299,3184,2600,3807,4876,1570,2988,2856,3004,3721,55,230,998
2026-03-30,2094,2362,3196,2718,3896,5394,1518,3033,2884,3008,4027,58,238,1024
2026-04-06,2178,2467,3406,2646,3730,6211,1509,3148,3089,2984,4068,59,246,1070
2026-04-13,2186,2616,3600,2534,3574,6249,1502,3068,2959,2874,4042,59,245,1085
2026-04-20,2193,2725,3728,2401,3480,6085,1618,3000,2849,2925,4158,56,245,1095
2026-04-27,2192,2752,3743,2377,3460,6147,1691,2854,2785,2911,4149,56,245,1097
2026-05-11,2194,2753,3787,2353,3415,5939,1729,3007,2742,3177,4251,56,245,1077
2026-05-18,2361,3011,4103,2679,3866,5934,1864,3484,3054,3035,4250,56,238,1075
2026-05-26,2478,3135,4257,2838,4133,5991,2013,3967,3340,3060,4326,52,238,1075
2026-06-01,2675,3456,4572,3120,4344,6003,2189,4676,3847,3181,4419,52,238,1142
2026-06-08,3042,4247,5393,3679,4877,6011,2423,5396,4321,3274,4679,51,227,1160
2026-06-15,3349,4891,6005,3983,5254,6389,2582,6389,4785,3262,4846,54,223,1154
2026-06-22,3747,5729,6832,4566,5768,6681,2813,7320,5380,3394,5045,54,214,1096
2026-06-29,3920,5969,7217,4720,5876,6783,3096,7854,5840,3483,5260,54,222,1098
2026-07-06,4330,6922,8421,5332,6468,7164,3574,7854,5851,3602,5419,57,239,1125
2026-07-13,4318,6734,8523,5426,6569,7266,3857,7554,5565,3636,5399,57,239,1137
2026-07-20,4204,6385,8694,5184,6313,7269,4086,6881,5231,3644,5298,57,239,1136
2026-07-27,4123,6115,8758,4947,6107,7455,4206,6590,4925,3662,5290,55,239,1149
2026-08-03,4138,6172,8986,4884,5933,7587,4309,6406,4819,3760,5244,56,238,1164
2026-08-10,4288,6733,9696,4806,5702,7943,4160,6340,4900,3831,5182,56,239,1175
2026-08-18,4393,6906,9982,4741,5611,8044,4397,6677,5531,3813,5085,56,240,1173
2026-08-24,4506,7095,10311,4602,5423,8459,4398,7149,6145,3805,5127,56,236,1175
2026-08-31,4591,7203,10482,4515,5273,8625,4477,7755,6653,3753,5111,56,234,1181
2026-09-07,4697,7424,10989,4289,4819,8659,4582,8514,7059,3816,5024,56,237,1196
